UNIQUE ID,EESSN,PTDOB,PTFNAME,PTMIDINT,PTLNAME,PTSEX,ADDRESS1,ADDRESS2,CITY,STATE,EEZIP / PTZIP,EEID,RELCODE,PROCESSDATE,TOTPD,SVCDATE,LAB ORD ID,LABNAME,LABADDR1,LABZIP,LABPHONE1,LABFAX,LAB PROVIDER ID,RECTYPE,SMOKING,WST CIRC,DIAG1,DIAG2,DIAG3,PROC1,PROC2,PROC3,TSTMAX,TSTMIN,TSTSTD,LOINC,RESNO,RESTEXT,TEST NAME,UNITS,PROVID,PROVNAME,PERFORMING_SITE_NAME,PERFORMING_SITE_ADDRESS,PERFORMING_SITE_CLIA_NUMBER
12345678,123-45-6789,19800101,JOHN,,DOE,M,1234 Happy Street,,Test,NC,12345,,1,,,20160419,,MAXIM,7221 Lee Deforest Drive ,21046,4109101500,4109101720,521590951,,,,,,,,,,,,,2093-3,100,,CHOLESTEROL,mg/hdl,,,MAXIM,"7221 Lee Deforest Drive Columbia, MD 21046",21D0990702
12345678,123-45-6789,19800101,JOHN,,DOE,M,1235 Happy Street,,Test,NC,12345,,1,,,20160419,,MAXIM,7221 Lee Deforest Drive ,21046,4109101500,4109101720,521590951,,,,,,,,,,,,,3138-5,"5'8""",,HEIGHT,feet and inches,,,MAXIM,"7221 Lee Deforest Drive Columbia, MD 21046",21D0990702
12345678,123-45-6789,19800101,JOHN,,DOE,M,1236 Happy Street,,Test,NC,12345,,1,,,20160419,,MAXIM,7221 Lee Deforest Drive ,21046,4109101500,4109101720,521590951,,,,,,,,,,,,,3142-7,165,,WEIGHT,lbs,,,MAXIM,"7221 Lee Deforest Drive Columbia, MD 21046",21D0990702
12345678,123-45-6789,19800101,JOHN,,DOE,M,1237 Happy Street,,Test,NC,12345,,1,,,20160419,,MAXIM,7221 Lee Deforest Drive ,21046,4109101500,4109101720,521590951,,,,,,,,,,,,,8462-4,82,,DIASTOLIC BP,mmHg,,,MAXIM,"7221 Lee Deforest Drive Columbia, MD 21046",21D0990702
12345678,123-45-6789,19800101,JOHN,,DOE,M,1238 Happy Street,,Test,NC,12345,,1,,,20160419,,MAXIM,7221 Lee Deforest Drive ,21046,4109101500,4109101720,521590951,,,,,,,,,,,,,8480-6,130,,SYSTOLIC BP,mmHg,,,MAXIM,"7221 Lee Deforest Drive Columbia, MD 21046",21D0990702
12345678,123-45-6789,19800101,JOHN,,DOE,M,1239 Happy Street,,Test,NC,12345,,1,,,20160419,,MAXIM,7221 Lee Deforest Drive ,21046,4109101500,4109101720,521590951,,,,,,,,,,,,,41909-3,25.1,,BMI,inches and lbs,,,MAXIM,"7221 Lee Deforest Drive Columbia, MD 21046",21D0990702
12345678,123-45-6789,19800101,JOHN,,DOE,M,1240 Happy Street,,Test,NC,12345,,1,,,20160419,,MAXIM,7221 Lee Deforest Drive ,21046,4109101500,4109101720,521590951,,,,,,,,,,,,,56086-2,36,,WAIST,inches,,,MAXIM,"7221 Lee Deforest Drive Columbia, MD 21046",21D0990702
12345678A,222-33-4444,19810202,JANE,,DOE,F,1241 Happy Street,,Test,NC,12345,,2,,,20160419,,MAXIM,7221 Lee Deforest Drive ,21046,4109101500,4109101720,521590951,,,,,,,,,,,,,2093-3,101,,CHOLESTEROL,mg/hdl,,,MAXIM,"7221 Lee Deforest Drive Columbia, MD 21046",21D0990702
12345678A,222-33-4444,19810202,JANE,,DOE,F,1242 Happy Street,,Test,NC,12345,,2,,,20160419,,MAXIM,7221 Lee Deforest Drive ,21046,4109101500,4109101720,521590951,,,,,,,,,,,,,3138-5,"4'11""",,HEIGHT,feet and inches,,,MAXIM,"7221 Lee Deforest Drive Columbia, MD 21046",21D0990702
12345678A,222-33-4444,19810202,JANE,,DOE,F,1243 Happy Street,,Test,NC,12345,,2,,,20160419,,MAXIM,7221 Lee Deforest Drive ,21046,4109101500,4109101720,521590951,,,,,,,,,,,,,3142-7,97,,WEIGHT,lbs,,,MAXIM,"7221 Lee Deforest Drive Columbia, MD 21046",21D0990702
12345678A,222-33-4444,19810202,JANE,,DOE,F,1244 Happy Street,,Test,NC,12345,,2,,,20160419,,MAXIM,7221 Lee Deforest Drive ,21046,4109101500,4109101720,521590951,,,,,,,,,,,,,8462-4,90,,DIASTOLIC BP,mmHg,,,MAXIM,"7221 Lee Deforest Drive Columbia, MD 21046",21D0990702
12345678A,222-33-4444,19810202,JANE,,DOE,F,1245 Happy Street,,Test,NC,12345,,2,,,20160419,,MAXIM,7221 Lee Deforest Drive ,21046,4109101500,4109101720,521590951,,,,,,,,,,,,,8480-6,128,,SYSTOLIC BP,mmHg,,,MAXIM,"7221 Lee Deforest Drive Columbia, MD 21046",21D0990702
12345678A,222-33-4444,19810202,JANE,,DOE,F,1246 Happy Street,,Test,NC,12345,,2,,,20160419,,MAXIM,7221 Lee Deforest Drive ,21046,4109101500,4109101720,521590951,,,,,,,,,,,,,41909-3,19.6,,BMI,inches and lbs,,,MAXIM,"7221 Lee Deforest Drive Columbia, MD 21046",21D0990702
12345678A,222-33-4444,19810202,JANE,,DOE,F,1247 Happy Street,,Test,NC,12345,,2,,,20160419,,MAXIM,7221 Lee Deforest Drive ,21046,4109101500,4109101720,521590951,,,,,,,,,,,,,56086-2,18,,WAIST,inches,,,MAXIM,"7221 Lee Deforest Drive Columbia, MD 21046",21D0990702
